<?xml version="1.0" encoding="UTF-8" standalone="yes"?>
<document xmlns="http://www.abbyy.com/FineReader_xml/FineReader10-schema-v1.xml" version="1.0" producer="ABBYY FineReader Engine 11" languages="" xmlns:xsi="http://www.w3.org/2001/XMLSchema-instance" xsi:schemaLocation="http://www.abbyy.com/FineReader_xml/FineReader10-schema-v1.xml http://www.abbyy.com/FineReader_xml/FineReader10-schema-v1.xml">
<page width="2552" height="3300" resolution="300">
<block blockType="Text" blockName="" l="1716" t="118" r="2439" b="212"><region><rect l="1716" t="118" r="2439" b="212"/></region>
<text>
<par align="Right" lineSpacing="780">
<line baseline="151" l="1722" t="124" r="2433" b="158"><formatting lang="EnglishUnitedStates">
<charParams l="1722" t="125" r="1737" b="150">4</charParams>
<charParams l="1740" t="125" r="1753" b="150">6</charParams>
<charParams l="1758" t="125" r="1766" b="150" suspicious="1">1</charParams>
<charParams l="1775" t="125" r="1788" b="150" suspicious="1">3</charParams>
<charParams l="1789" t="125" r="1799" b="150"> </charParams>
<charParams l="1800" t="125" r="1816" b="150">C</charParams>
<charParams l="1821" t="132" r="1835" b="150">o</charParams>
<charParams l="1838" t="132" r="1851" b="150">n</charParams>
<charParams l="1855" t="132" r="1867" b="150">s</charParams>
<charParams l="1872" t="124" r="1885" b="150" suspicious="1">h</charParams>
<charParams l="1889" t="132" r="1903" b="150">o</charParams>
<charParams l="1906" t="124" r="1919" b="150" suspicious="1">h</charParams>
<charParams l="1923" t="132" r="1937" b="150">o</charParams>
<charParams l="1941" t="132" r="1954" b="150">c</charParams>
<charParams l="1957" t="124" r="1971" b="151">k</charParams>
<charParams l="1972" t="132" r="1986" b="151">e</charParams>
<charParams l="1990" t="132" r="2003" b="151">n</charParams>
<charParams l="2004" t="125" r="2013" b="151"> </charParams>
<charParams l="2014" t="125" r="2032" b="151">A</charParams>
<charParams l="2035" t="132" r="2048" b="151">v</charParams>
<charParams l="2050" t="132" r="2064" b="151">e</charParams>
<charParams l="2067" t="132" r="2080" b="151">n</charParams>
<charParams l="2084" t="132" r="2097" b="151">u</charParams>
<charParams l="2100" t="132" r="2114" b="151">e</charParams>
<charParams l="2115" t="125" r="2125" b="151"> </charParams>
<charParams l="2126" t="125" r="2142" b="151">P</charParams>
<charParams l="2146" t="124" r="2159" b="151">h</charParams>
<charParams l="2163" t="125" r="2167" b="151">i</charParams>
<charParams l="2171" t="124" r="2175" b="151">l</charParams>
<charParams l="2179" t="132" r="2192" b="151">a</charParams>
<charParams l="2195" t="124" r="2209" b="151">d</charParams>
<charParams l="2213" t="132" r="2227" b="151">e</charParams>
<charParams l="2230" t="124" r="2234" b="151">l</charParams>
<charParams l="2238" t="132" r="2252" b="158">p</charParams>
<charParams l="2256" t="124" r="2269" b="151">h</charParams>
<charParams l="2273" t="125" r="2277" b="151">i</charParams>
<charParams l="2281" t="132" r="2294" b="151">a</charParams>
<charParams l="2295" t="125" r="2305" b="151"> </charParams>
<charParams l="2306" t="125" r="2322" b="151">P</charParams>
<charParams l="2325" t="125" r="2343" b="150">A</charParams>
<charParams l="2344" t="125" r="2354" b="150"> </charParams>
<charParams l="2355" t="125" r="2363" b="150" suspicious="1">1</charParams>
<charParams l="2372" t="125" r="2385" b="150" suspicious="1">9</charParams>
<charParams l="2390" t="125" r="2398" b="150" suspicious="1">1</charParams>
<charParams l="2407" t="125" r="2420" b="150" suspicious="1">3</charParams>
<charParams l="2425" t="125" r="2433" b="150">1</charParams></formatting></line></par>
<par align="Right" lineSpacing="780">
<line baseline="205" l="2249" t="180" r="2433" b="206"><formatting lang="EnglishUnitedStates">
<charParams l="2249" t="180" r="2263" b="206">2</charParams>
<charParams l="2267" t="180" r="2280" b="206">6</charParams>
<charParams l="2283" t="180" r="2298" b="206">7</charParams>
<charParams l="2301" t="193" r="2308" b="197" suspicious="1">-</charParams>
<charParams l="2309" t="180" r="2324" b="205">7</charParams>
<charParams l="2328" t="180" r="2341" b="205">6</charParams>
<charParams l="2344" t="180" r="2359" b="205">7</charParams>
<charParams l="2362" t="193" r="2369" b="196">-</charParams>
<charParams l="2371" t="180" r="2386" b="205">4</charParams>
<charParams l="2389" t="180" r="2402" b="205">9</charParams>
<charParams l="2406" t="180" r="2419" b="205">6</charParams>
<charParams l="2425" t="180" r="2433" b="205">1</charParams></formatting></line></par>
</text>
</block>
<block blockType="Picture" blockName="" l="168" t="70" r="853" b="547"><region><rect l="168" t="70" r="853" b="547"/></region>
</block>
<block blockType="Text" blockName="" l="923" t="87" r="1244" b="275"><region><rect l="923" t="87" r="1244" b="275"/></region>
<text>
<par align="Justified" lineSpacing="3312">
<line baseline="131" l="929" t="93" r="1238" b="139"><formatting lang="EnglishUnitedStates">
<charParams l="929" t="93" r="960" b="130">R</charParams>
<charParams l="963" t="102" r="987" b="130">e</charParams>
<charParams l="991" t="102" r="1014" b="139">q</charParams>
<charParams l="1017" t="93" r="1044" b="130">#</charParams>
<charParams l="1049" t="104" r="1053" b="130">:</charParams>
<charParams l="1054" t="94" r="1077" b="130"> </charParams>
<charParams l="1078" t="94" r="1091" b="130">1</charParams>
<charParams l="1102" t="94" r="1126" b="130">3</charParams>
<charParams l="1133" t="94" r="1146" b="130">1</charParams>
<charParams l="1158" t="94" r="1182" b="130">5</charParams>
<charParams l="1186" t="94" r="1210" b="131">3</charParams>
<charParams l="1214" t="94" r="1238" b="131">0</charParams></formatting></line>
<line baseline="268" l="947" t="231" r="1208" b="268"><formatting lang="EnglishUnitedStates">
<charParams l="947" t="232" r="973" b="267">P</charParams>
<charParams l="979" t="231" r="1012" b="268" suspicious="1">O</charParams>
<charParams l="1015" t="232" r="1042" b="268">#</charParams>
<charParams l="1047" t="242" r="1051" b="268">:</charParams>
<charParams l="1052" t="232" r="1072" b="268"> </charParams>
<charParams l="1073" t="232" r="1097" b="268">3</charParams>
<charParams l="1101" t="232" r="1125" b="268">0</charParams>
<charParams l="1131" t="233" r="1144" b="268">1</charParams>
<charParams l="1156" t="233" r="1180" b="268">9</charParams>
<charParams l="1184" t="233" r="1208" b="268">3</charParams></formatting></line></par>
</text>
</block>
<block blockType="Text" blockName="" l="1161" t="402" r="1231" b="465"><region><rect l="1161" t="402" r="1231" b="465"/></region>
<text>
<par align="Justified">
<line baseline="462" l="1167" t="408" r="1225" b="459"><formatting lang="EnglishUnitedStates">
<charParams l="1167" t="408" r="1225" b="459" suspicious="1">Q</charParams></formatting></line></par>
</text>
</block>
<block blockType="Text" blockName="" l="111" t="599" r="748" b="690"><region><rect l="111" t="599" r="748" b="690"/></region>
<text>
<par lineSpacing="3020">
<line baseline="684" l="117" t="601" r="743" b="685"><formatting lang="EnglishUnitedStates">
<charParams l="117" t="601" r="165" b="683">2</charParams>
<charParams l="177" t="601" r="209" b="683" suspicious="1">1</charParams>
<charParams l="229" t="601" r="277" b="685" suspicious="1">5</charParams>
<charParams l="287" t="603" r="341" b="683">B</charParams>
<charParams l="351" t="665" r="369" b="685">.</charParams>
<charParams l="383" t="601" r="429" b="683">E</charParams>
<charParams l="437" t="665" r="457" b="685">.</charParams>
<charParams l="465" t="601" r="531" b="683">A</charParams>
<charParams l="537" t="665" r="555" b="685">.</charParams>
<charParams l="569" t="601" r="623" b="683">R</charParams>
<charParams l="631" t="665" r="651" b="685">.</charParams>
<charParams l="661" t="601" r="713" b="685">S</charParams>
<charParams l="723" t="665" r="743" b="685">.</charParams></formatting></line></par>
</text>
</block>
<block blockType="Text" blockName="" l="2232" t="549" r="2444" b="616"><region><rect l="2232" t="549" r="2444" b="616"/></region>
<text>
<par lineSpacing="1560">
<line baseline="610" l="2238" t="555" r="2438" b="610"><formatting lang="EnglishUnitedStates">
<charParams l="2238" t="559" r="2249" b="608">I</charParams>
<charParams l="2256" t="570" r="2285" b="609">n</charParams>
<charParams l="2289" t="570" r="2319" b="609">v</charParams>
<charParams l="2322" t="570" r="2353" b="610">o</charParams>
<charParams l="2359" t="555" r="2369" b="609">i</charParams>
<charParams l="2376" t="570" r="2404" b="610">c</charParams>
<charParams l="2409" t="570" r="2438" b="610">e</charParams></formatting></line></par>
</text>
</block>
<block blockType="Table" blockName="" l="0" t="716" r="2552" b="3300"><region><rect l="0" t="716" r="2552" b="3300"/></region>
<row>
<cell leftBorder="White" rightBorder="White" bottomBorder="White" width="1850" height="345">
<text>
<par align="Justified" leftIndent="2800" lineSpacing="1344">
<line baseline="798" l="116" t="771" r="938" b="806"><formatting lang="EnglishUnitedStates">
<charParams l="116" t="772" r="130" b="798">B</charParams>
<charParams l="134" t="772" r="138" b="798">i</charParams>
<charParams l="142" t="771" r="146" b="798">l</charParams>
<charParams l="150" t="771" r="154" b="798">l</charParams>
<charParams l="155" t="771" r="164" b="798"> </charParams>
<charParams l="165" t="772" r="181" b="798">T</charParams>
<charParams l="185" t="779" r="199" b="798">o</charParams>
<charParams l="202" t="778" r="206" b="798">:</charParams>
<charParams l="207" t="772" r="461" b="798" isTab="1"> </charParams>
<charParams l="462" t="772" r="480" b="798">A</charParams>
<charParams l="484" t="779" r="506" b="798" suspicious="1">m</charParams>
<charParams l="509" t="779" r="523" b="798">e</charParams>
<charParams l="527" t="779" r="535" b="798">r</charParams>
<charParams l="538" t="772" r="542" b="798">i</charParams>
<charParams l="546" t="772" r="559" b="798">h</charParams>
<charParams l="562" t="780" r="576" b="798">e</charParams>
<charParams l="579" t="780" r="592" b="798">a</charParams>
<charParams l="596" t="772" r="600" b="798">l</charParams>
<charParams l="602" t="776" r="611" b="798" suspicious="1">t</charParams>
<charParams l="615" t="772" r="628" b="798">h</charParams>
<charParams l="632" t="780" r="645" b="798">c</charParams>
<charParams l="648" t="779" r="661" b="798">a</charParams>
<charParams l="665" t="780" r="673" b="798">r</charParams>
<charParams l="676" t="773" r="680" b="798">i</charParams>
<charParams l="682" t="776" r="691" b="798" suspicious="1">t</charParams>
<charParams l="695" t="780" r="708" b="798">a</charParams>
<charParams l="711" t="780" r="723" b="798">s</charParams>
<charParams l="724" t="773" r="734" b="798"> </charParams>
<charParams l="735" t="773" r="751" b="798">T</charParams>
<charParams l="754" t="780" r="762" b="798">r</charParams>
<charParams l="765" t="780" r="778" b="798">a</charParams>
<charParams l="782" t="780" r="795" b="798">n</charParams>
<charParams l="799" t="780" r="811" b="799">s</charParams>
<charParams l="815" t="780" r="829" b="806">p</charParams>
<charParams l="833" t="780" r="847" b="799">o</charParams>
<charParams l="850" t="780" r="858" b="799">r</charParams>
<charParams l="859" t="776" r="868" b="798">t</charParams>
<charParams l="871" t="780" r="884" b="798">a</charParams>
<charParams l="886" t="776" r="895" b="798">t</charParams>
<charParams l="899" t="773" r="903" b="798">i</charParams>
<charParams l="907" t="780" r="921" b="798">o</charParams>
<charParams l="925" t="780" r="938" b="798">n</charParams></formatting></line></par>
<par leftIndent="11100" lineSpacing="1344">
<line baseline="854" l="461" t="827" r="888" b="861"><formatting lang="EnglishUnitedStates">
<charParams l="461" t="828" r="467" b="861">j</charParams>
<charParams l="471" t="827" r="485" b="854">b</charParams>
<charParams l="489" t="827" r="493" b="854">l</charParams>
<charParams l="497" t="835" r="510" b="854">a</charParams>
<charParams l="512" t="831" r="521" b="854">t</charParams>
<charParams l="522" t="831" r="531" b="854">t</charParams>
<charParams l="534" t="830" r="557" b="861">@</charParams>
<charParams l="562" t="836" r="575" b="854">a</charParams>
<charParams l="579" t="836" r="601" b="854">m</charParams>
<charParams l="604" t="836" r="618" b="854">e</charParams>
<charParams l="622" t="836" r="630" b="854">r</charParams>
<charParams l="633" t="829" r="637" b="854">i</charParams>
<charParams l="641" t="828" r="654" b="854">h</charParams>
<charParams l="657" t="836" r="671" b="854">e</charParams>
<charParams l="674" t="836" r="687" b="854">a</charParams>
<charParams l="691" t="828" r="695" b="854">l</charParams>
<charParams l="698" t="832" r="707" b="854">t</charParams>
<charParams l="710" t="828" r="723" b="854">h</charParams>
<charParams l="727" t="836" r="740" b="854">c</charParams>
<charParams l="743" t="836" r="756" b="854">a</charParams>
<charParams l="760" t="836" r="768" b="854">r</charParams>
<charParams l="771" t="829" r="775" b="854">i</charParams>
<charParams l="777" t="832" r="786" b="854">t</charParams>
<charParams l="790" t="836" r="803" b="855">a</charParams>
<charParams l="807" t="836" r="819" b="855">s</charParams>
<charParams l="823" t="850" r="827" b="855">.</charParams>
<charParams l="832" t="836" r="845" b="855" suspicious="1">c</charParams>
<charParams l="848" t="836" r="862" b="855">o</charParams>
<charParams l="866" t="836" r="888" b="854">m</charParams></formatting></line></par>
</text></cell>
<cell leftBorder="White" rightBorder="White" bottomBorder="White" width="247" height="345">
<text>
<par lineSpacing="780">
<line baseline="798" l="1867" t="773" r="2018" b="799"><formatting lang="EnglishUnitedStates">
<charParams l="1867" t="773" r="1870" b="798">I</charParams>
<charParams l="1875" t="780" r="1888" b="798">n</charParams>
<charParams l="1891" t="780" r="1904" b="798">v</charParams>
<charParams l="1907" t="780" r="1921" b="798">o</charParams>
<charParams l="1925" t="773" r="1929" b="798">i</charParams>
<charParams l="1933" t="780" r="1946" b="798">c</charParams>
<charParams l="1948" t="780" r="1962" b="798">e</charParams>
<charParams l="1963" t="773" r="1974" b="799"> </charParams>
<charParams l="1975" t="773" r="1991" b="799">N</charParams>
<charParams l="1996" t="780" r="2010" b="799">o</charParams>
<charParams l="2015" t="780" r="2018" b="798">:</charParams></formatting></line></par>
<par align="Center" rightIndent="700" lineSpacing="1320">
<line baseline="855" l="1951" t="829" r="2018" b="855"><formatting lang="EnglishUnitedStates">
<charParams l="1951" t="829" r="1966" b="854">D</charParams>
<charParams l="1970" t="836" r="1983" b="855">a</charParams>
<charParams l="1985" t="832" r="1994" b="855">t</charParams>
<charParams l="1996" t="836" r="2010" b="855">e</charParams>
<charParams l="2014" t="835" r="2018" b="855">:</charParams></formatting></line></par>
<par leftIndent="1700" lineSpacing="1320">
<line baseline="910" l="1924" t="884" r="2018" b="910"><formatting lang="EnglishUnitedStates">
<charParams l="1924" t="884" r="1940" b="909">T</charParams>
<charParams l="1943" t="891" r="1957" b="909">e</charParams>
<charParams l="1960" t="891" r="1968" b="909">r</charParams>
<charParams l="1971" t="891" r="1993" b="910">m</charParams>
<charParams l="1998" t="891" r="2010" b="910">s</charParams>
<charParams l="2015" t="891" r="2018" b="909">:</charParams></formatting></line></par>
<par leftIndent="900" lineSpacing="1320">
<line baseline="965" l="1889" t="939" r="2018" b="965"><formatting lang="EnglishUnitedStates">
<charParams l="1889" t="939" r="1904" b="964">D</charParams>
<charParams l="1908" t="946" r="1921" b="964">u</charParams>
<charParams l="1924" t="946" r="1938" b="964">e</charParams>
<charParams l="1939" t="939" r="1950" b="964"> </charParams>
<charParams l="1951" t="939" r="1966" b="964">D</charParams>
<charParams l="1970" t="946" r="1983" b="964">a</charParams>
<charParams l="1985" t="942" r="1994" b="965">t</charParams>
<charParams l="1996" t="946" r="2010" b="965">e</charParams>
<charParams l="2015" t="946" r="2018" b="964">:</charParams></formatting></line></par>
</text></cell>
<cell leftBorder="White" rightBorder="White" bottomBorder="White" width="455" height="345">
<text>
<par align="Right" rightIndent="2700" lineSpacing="780">
<line baseline="798" l="2406" t="774" r="2438" b="798"><formatting lang="EnglishUnitedStates">
<charParams l="2406" t="774" r="2421" b="798">7</charParams>
<charParams l="2424" t="774" r="2438" b="798">2</charParams></formatting></line></par>
<par align="Right" rightIndent="2700" lineSpacing="1320">
<line baseline="855" l="2276" t="829" r="2437" b="857"><formatting lang="EnglishUnitedStates">
<charParams l="2276" t="829" r="2289" b="855">0</charParams>
<charParams l="2293" t="829" r="2306" b="855">6</charParams>
<charParams l="2310" t="829" r="2321" b="857">/</charParams>
<charParams l="2324" t="829" r="2337" b="855">0</charParams>
<charParams l="2341" t="829" r="2355" b="855">5</charParams>
<charParams l="2358" t="829" r="2369" b="857">/</charParams>
<charParams l="2372" t="829" r="2386" b="855">2</charParams>
<charParams l="2389" t="829" r="2402" b="855">0</charParams>
<charParams l="2408" t="829" r="2416" b="855">1</charParams>
<charParams l="2424" t="829" r="2437" b="855">8</charParams></formatting></line></par>
<par align="Right" rightIndent="2700" lineSpacing="1320">
<line baseline="910" l="2342" t="884" r="2438" b="910"><formatting lang="EnglishUnitedStates">
<charParams l="2342" t="884" r="2358" b="910">N</charParams>
<charParams l="2363" t="884" r="2376" b="910">E</charParams>
<charParams l="2379" t="884" r="2395" b="910">T</charParams>
<charParams l="2396" t="884" r="2407" b="910" suspicious="1"> </charParams>
<charParams l="2408" t="884" r="2416" b="910">1</charParams>
<charParams l="2423" t="884" r="2438" b="910">4</charParams></formatting></line></par>
<par align="Right" rightIndent="2700" lineSpacing="1320">
<line baseline="965" l="2276" t="939" r="2437" b="967"><formatting lang="EnglishUnitedStates">
<charParams l="2276" t="939" r="2289" b="965">0</charParams>
<charParams l="2293" t="939" r="2306" b="965">6</charParams>
<charParams l="2310" t="939" r="2321" b="967">/</charParams>
<charParams l="2325" t="939" r="2333" b="965">1</charParams>
<charParams l="2341" t="939" r="2354" b="965">9</charParams>
<charParams l="2358" t="939" r="2369" b="967">/</charParams>
<charParams l="2372" t="939" r="2386" b="965">2</charParams>
<charParams l="2389" t="939" r="2402" b="965">0</charParams>
<charParams l="2408" t="939" r="2416" b="965">1</charParams>
<charParams l="2424" t="939" r="2437" b="965">8</charParams></formatting></line></par>
</text></cell></row>
<row>
<cell leftBorder="White" topBorder="White" rightBorder="White" bottomBorder="White" width="1850" height="106">
<text>
<par align="Justified" leftIndent="2800" lineSpacing="1000">
<line baseline="1129" l="116" t="1095" r="322" b="1138"><formatting lang="EnglishUnitedStates">
<charParams l="116" t="1095" r="137" b="1129">D</charParams>
<charParams l="141" t="1104" r="160" b="1129">e</charParams>
<charParams l="162" t="1104" r="180" b="1129">s</charParams>
<charParams l="182" t="1105" r="201" b="1129">c</charParams>
<charParams l="205" t="1105" r="217" b="1129">r</charParams>
<charParams l="221" t="1095" r="228" b="1129">i</charParams>
<charParams l="231" t="1105" r="250" b="1138">p</charParams>
<charParams l="252" t="1099" r="265" b="1129">t</charParams>
<charParams l="269" t="1095" r="276" b="1129">i</charParams>
<charParams l="280" t="1105" r="299" b="1129">o</charParams>
<charParams l="303" t="1105" r="322" b="1129">n</charParams></formatting></line></par>
</text></cell>
<cell leftBorder="White" topBorder="White" rightBorder="White" bottomBorder="White" width="247" height="106">
<text>
<par leftIndent="1700" lineSpacing="1000">
<line baseline="1130" l="1915" t="1095" r="2067" b="1139"><formatting lang="EnglishUnitedStates">
<charParams l="1915" t="1096" r="1939" b="1134">Q</charParams>
<charParams l="1943" t="1105" r="1962" b="1129">u</charParams>
<charParams l="1965" t="1105" r="1983" b="1129">a</charParams>
<charParams l="1987" t="1105" r="2006" b="1130">n</charParams>
<charParams l="2007" t="1099" r="2020" b="1130">t</charParams>
<charParams l="2025" t="1095" r="2032" b="1130">i</charParams>
<charParams l="2033" t="1099" r="2046" b="1130">t</charParams>
<charParams l="2048" t="1105" r="2067" b="1139">y</charParams></formatting></line></par>
</text></cell>
<cell leftBorder="White" topBorder="White" rightBorder="White" bottomBorder="White" width="455" height="106">
<text>
<par align="Right" rightIndent="2700" lineSpacing="1000">
<line baseline="1130" l="2157" t="1096" r="2438" b="1130"><formatting lang="EnglishUnitedStates">
<charParams l="2157" t="1096" r="2179" b="1130">R</charParams>
<charParams l="2182" t="1105" r="2200" b="1130">a</charParams>
<charParams l="2202" t="1099" r="2215" b="1130">t</charParams>
<charParams l="2218" t="1105" r="2237" b="1130">e</charParams>
<charParams l="2238" t="1096" r="2294" b="1130"> </charParams>
<charParams l="2295" t="1096" r="2322" b="1130">A</charParams>
<charParams l="2325" t="1105" r="2355" b="1130">m</charParams>
<charParams l="2359" t="1105" r="2378" b="1130">o</charParams>
<charParams l="2382" t="1105" r="2401" b="1130">u</charParams>
<charParams l="2405" t="1105" r="2424" b="1130">n</charParams>
<charParams l="2425" t="1099" r="2438" b="1130">t</charParams></formatting></line></par>
</text></cell></row>
<row>
<cell leftBorder="White" topBorder="White" rightBorder="White" bottomBorder="White" width="1850" height="110">
<text>
<par align="Justified" leftIndent="2800" lineSpacing="780">
<line baseline="1235" l="115" t="1207" r="1825" b="1242"><formatting lang="EnglishUnitedStates">
<charParams l="115" t="1208" r="129" b="1234">5</charParams>
<charParams l="131" t="1208" r="142" b="1236">/</charParams>
<charParams l="145" t="1208" r="158" b="1234">3</charParams>
<charParams l="164" t="1208" r="172" b="1234">1</charParams>
<charParams l="179" t="1208" r="190" b="1236">/</charParams>
<charParams l="194" t="1209" r="202" b="1234" suspicious="1">1</charParams>
<charParams l="211" t="1209" r="224" b="1234" suspicious="1">8</charParams>
<charParams l="225" t="1209" r="236" b="1234"> </charParams>
<charParams l="237" t="1209" r="245" b="1234">1</charParams>
<charParams l="253" t="1222" r="260" b="1225">-</charParams>
<charParams l="272" t="1209" r="280" b="1234">1</charParams>
<charParams l="288" t="1209" r="302" b="1234">5</charParams>
<charParams l="303" t="1209" r="314" b="1234"> </charParams>
<charParams l="315" t="1209" r="323" b="1234">1</charParams>
<charParams l="331" t="1209" r="345" b="1234">5</charParams>
<charParams l="346" t="1209" r="356" b="1241"> </charParams>
<charParams l="357" t="1216" r="371" b="1241">p</charParams>
<charParams l="374" t="1216" r="387" b="1234">a</charParams>
<charParams l="391" t="1215" r="403" b="1234">s</charParams>
<charParams l="407" t="1215" r="419" b="1234">s</charParams>
<charParams l="422" t="1215" r="436" b="1234">e</charParams>
<charParams l="440" t="1215" r="453" b="1234">n</charParams>
<charParams l="457" t="1215" r="470" b="1241">g</charParams>
<charParams l="473" t="1215" r="487" b="1234">e</charParams>
<charParams l="491" t="1215" r="499" b="1234">r</charParams>
<charParams l="500" t="1215" r="508" b="1234"> </charParams>
<charParams l="509" t="1215" r="522" b="1234">v</charParams>
<charParams l="525" t="1215" r="538" b="1234">a</charParams>
<charParams l="542" t="1216" r="555" b="1234">n</charParams>
<charParams l="556" t="1207" r="565" b="1234"> </charParams>
<charParams l="566" t="1207" r="576" b="1234">f</charParams>
<charParams l="578" t="1216" r="586" b="1234">r</charParams>
<charParams l="589" t="1216" r="603" b="1234">o</charParams>
<charParams l="607" t="1216" r="629" b="1234">m</charParams>
<charParams l="630" t="1209" r="641" b="1234"> </charParams>
<charParams l="642" t="1209" r="658" b="1234">P</charParams>
<charParams l="661" t="1208" r="674" b="1234">h</charParams>
<charParams l="678" t="1209" r="682" b="1234">i</charParams>
<charParams l="686" t="1208" r="690" b="1234" suspicious="1">l</charParams>
<charParams l="694" t="1208" r="698" b="1234" suspicious="1">l</charParams>
<charParams l="702" t="1216" r="715" b="1241">y</charParams>
<charParams l="716" t="1216" r="724" b="1241"> </charParams>
<charParams l="725" t="1216" r="738" b="1241">g</charParams>
<charParams l="743" t="1216" r="757" b="1235">o</charParams>
<charParams l="761" t="1209" r="765" b="1235">i</charParams>
<charParams l="769" t="1216" r="782" b="1235">n</charParams>
<charParams l="786" t="1216" r="799" b="1242">g</charParams>
<charParams l="800" t="1212" r="808" b="1242"> </charParams>
<charParams l="809" t="1212" r="818" b="1235">t</charParams>
<charParams l="822" t="1216" r="836" b="1235">o</charParams>
<charParams l="837" t="1209" r="848" b="1235"> </charParams>
<charParams l="849" t="1209" r="864" b="1235">D</charParams>
<charParams l="868" t="1209" r="884" b="1235">C</charParams>
<charParams l="885" t="1209" r="895" b="1242"> </charParams>
<charParams l="896" t="1216" r="910" b="1242">p</charParams>
<charParams l="913" t="1209" r="917" b="1235">i</charParams>
<charParams l="922" t="1216" r="935" b="1235">c</charParams>
<charParams l="938" t="1208" r="952" b="1235">k</charParams>
<charParams l="953" t="1208" r="961" b="1235"> </charParams>
<charParams l="962" t="1208" r="976" b="1235">b</charParams>
<charParams l="979" t="1216" r="992" b="1235">a</charParams>
<charParams l="996" t="1216" r="1009" b="1235">c</charParams>
<charParams l="1013" t="1208" r="1027" b="1235">k</charParams>
<charParams l="1028" t="1208" r="1036" b="1235"> </charParams>
<charParams l="1037" t="1216" r="1050" b="1235">u</charParams>
<charParams l="1054" t="1216" r="1068" b="1242">p</charParams>
<charParams l="1069" t="1210" r="1078" b="1242"> </charParams>
<charParams l="1079" t="1210" r="1083" b="1235">i</charParams>
<charParams l="1088" t="1217" r="1101" b="1235">n</charParams>
<charParams l="1102" t="1210" r="1113" b="1235"> </charParams>
<charParams l="1114" t="1210" r="1129" b="1235">D</charParams>
<charParams l="1133" t="1210" r="1149" b="1235">C</charParams>
<charParams l="1150" t="1210" r="1160" b="1235"> </charParams>
<charParams l="1161" t="1217" r="1174" b="1235">c</charParams>
<charParams l="1177" t="1216" r="1191" b="1235">o</charParams>
<charParams l="1195" t="1216" r="1217" b="1235">m</charParams>
<charParams l="1222" t="1210" r="1226" b="1235">i</charParams>
<charParams l="1230" t="1217" r="1243" b="1235">n</charParams>
<charParams l="1247" t="1217" r="1260" b="1242">g</charParams>
<charParams l="1261" t="1209" r="1272" b="1242"> </charParams>
<charParams l="1273" t="1209" r="1287" b="1235">b</charParams>
<charParams l="1290" t="1217" r="1303" b="1235">a</charParams>
<charParams l="1307" t="1217" r="1320" b="1235">c</charParams>
<charParams l="1323" t="1209" r="1337" b="1235">k</charParams>
<charParams l="1338" t="1209" r="1344" b="1235" suspicious="1"> </charParams>
<charParams l="1345" t="1213" r="1354" b="1235">t</charParams>
<charParams l="1358" t="1217" r="1372" b="1235">o</charParams>
<charParams l="1373" t="1213" r="1381" b="1235"> </charParams>
<charParams l="1382" t="1213" r="1391" b="1235">t</charParams>
<charParams l="1394" t="1217" r="1408" b="1235">o</charParams>
<charParams l="1409" t="1210" r="1419" b="1235"> </charParams>
<charParams l="1420" t="1210" r="1436" b="1235">P</charParams>
<charParams l="1440" t="1209" r="1453" b="1235">h</charParams>
<charParams l="1457" t="1210" r="1461" b="1235">i</charParams>
<charParams l="1465" t="1209" r="1469" b="1235" suspicious="1">l</charParams>
<charParams l="1473" t="1209" r="1477" b="1235" suspicious="1">l</charParams>
<charParams l="1480" t="1217" r="1493" b="1242">y</charParams>
<charParams l="1494" t="1217" r="1503" b="1242"> </charParams>
<charParams l="1504" t="1231" r="1508" b="1235">.</charParams>
<charParams l="1509" t="1210" r="1520" b="1235"> </charParams>
<charParams l="1521" t="1210" r="1534" b="1235">8</charParams>
<charParams l="1539" t="1216" r="1543" b="1235">:</charParams>
<charParams l="1547" t="1210" r="1560" b="1235">3</charParams>
<charParams l="1564" t="1210" r="1577" b="1235">0</charParams>
<charParams l="1582" t="1216" r="1595" b="1235">a</charParams>
<charParams l="1599" t="1216" r="1621" b="1235">m</charParams>
<charParams l="1622" t="1212" r="1631" b="1235"> </charParams>
<charParams l="1632" t="1212" r="1641" b="1234">t</charParams>
<charParams l="1644" t="1216" r="1658" b="1234">o</charParams>
<charParams l="1659" t="1209" r="1669" b="1234"> </charParams>
<charParams l="1670" t="1209" r="1684" b="1234">5</charParams>
<charParams l="1687" t="1215" r="1691" b="1234">:</charParams>
<charParams l="1696" t="1209" r="1709" b="1234">3</charParams>
<charParams l="1713" t="1209" r="1726" b="1234">0</charParams>
<charParams l="1731" t="1216" r="1745" b="1241">p</charParams>
<charParams l="1748" t="1216" r="1770" b="1234">m</charParams>
<charParams l="1771" t="1209" r="1782" b="1234"> </charParams>
<charParams l="1783" t="1209" r="1796" b="1234">9</charParams>
<charParams l="1800" t="1208" r="1813" b="1234">h</charParams>
<charParams l="1817" t="1216" r="1825" b="1234">r</charParams></formatting></line></par>
</text></cell>
<cell leftBorder="White" topBorder="White" rightBorder="White" bottomBorder="White" width="247" height="110">
<text>
<par align="Right" rightIndent="800" lineSpacing="840">
<line baseline="1235" l="2054" t="1210" r="2060" b="1234"><formatting lang="EnglishUnitedStates">
<charParams l="2054" t="1210" r="2060" b="1234">1</charParams></formatting></line></par>
</text></cell>
<cell leftBorder="White" topBorder="White" rightBorder="White" bottomBorder="White" width="455" height="110">
<text>
<par align="Justified" lineSpacing="780">
<line baseline="1235" l="2126" t="1205" r="2439" b="1238"><formatting lang="EnglishUnitedStates">
<charParams l="2126" t="1205" r="2139" b="1238">$</charParams>
<charParams l="2142" t="1209" r="2157" b="1235">7</charParams>
<charParams l="2161" t="1209" r="2175" b="1235">5</charParams>
<charParams l="2178" t="1209" r="2191" b="1235">0</charParams>
<charParams l="2196" t="1230" r="2200" b="1235">.</charParams>
<charParams l="2205" t="1209" r="2218" b="1235">0</charParams>
<charParams l="2222" t="1209" r="2235" b="1235">0</charParams>
<charParams l="2236" t="1205" r="2311" b="1238" isTab="1"> </charParams>
<charParams l="2312" t="1205" r="2325" b="1238">$</charParams>
<charParams l="2329" t="1209" r="2344" b="1235">7</charParams>
<charParams l="2347" t="1209" r="2361" b="1235">5</charParams>
<charParams l="2365" t="1209" r="2378" b="1235">0</charParams>
<charParams l="2382" t="1230" r="2386" b="1235">.</charParams>
<charParams l="2391" t="1209" r="2404" b="1235">0</charParams>
<charParams l="2409" t="1209" r="2422" b="1235">0</charParams>
<charParams l="2424" t="1209" r="2439" b="1225">*</charParams></formatting></line></par>
</text></cell></row>
<row>
<cell leftBorder="White" topBorder="White" rightBorder="White" width="1850" height="109">
<text>
<par leftIndent="2800" lineSpacing="-1"></par>
</text></cell>
<cell leftBorder="White" topBorder="White" rightBorder="White" width="247" height="109">
<text>
<par align="Right" rightIndent="800" lineSpacing="780">
<line baseline="1343" l="2054" t="1318" r="2060" b="1342"><formatting lang="EnglishUnitedStates">
<charParams l="2054" t="1318" r="2060" b="1342" suspicious="1">1</charParams></formatting></line></par>
</text></cell>
<cell leftBorder="White" topBorder="White" rightBorder="White" width="455" height="109">
<text>
<par align="Right" rightIndent="2700" lineSpacing="780">
<line baseline="1343" l="2161" t="1313" r="2437" b="1346"><formatting lang="EnglishUnitedStates">
<charParams l="2161" t="1313" r="2174" b="1346">$</charParams>
<charParams l="2178" t="1317" r="2191" b="1343">0</charParams>
<charParams l="2196" t="1338" r="2200" b="1343">.</charParams>
<charParams l="2205" t="1317" r="2218" b="1343">0</charParams>
<charParams l="2222" t="1317" r="2235" b="1343">0</charParams>
<charParams l="2236" t="1313" r="2361" b="1346"> </charParams>
<charParams l="2362" t="1313" r="2375" b="1346">$</charParams>
<charParams l="2380" t="1317" r="2393" b="1343">0</charParams>
<charParams l="2397" t="1338" r="2401" b="1343">.</charParams>
<charParams l="2407" t="1317" r="2420" b="1343">0</charParams>
<charParams l="2424" t="1317" r="2437" b="1343">0</charParams></formatting></line></par>
</text></cell></row>
<row>
<cell leftBorder="White" rightBorder="White" bottomBorder="White" width="1850" height="97">
<text>
<par align="Justified" leftIndent="2800" lineSpacing="780">
<line baseline="1429" l="114" t="1402" r="494" b="1429"><formatting lang="EnglishUnitedStates">
<charParams l="114" t="1403" r="134" b="1428" suspicious="1">i</charParams>
<charParams l="139" t="1410" r="152" b="1428">n</charParams>
<charParams l="155" t="1402" r="169" b="1428">d</charParams>
<charParams l="173" t="1403" r="177" b="1428">i</charParams>
<charParams l="181" t="1410" r="194" b="1428">c</charParams>
<charParams l="198" t="1410" r="211" b="1429">a</charParams>
<charParams l="213" t="1406" r="222" b="1429">t</charParams>
<charParams l="224" t="1410" r="238" b="1429">e</charParams>
<charParams l="242" t="1410" r="254" b="1429">s</charParams>
<charParams l="255" t="1410" r="265" b="1429"> </charParams>
<charParams l="266" t="1410" r="279" b="1429">n</charParams>
<charParams l="283" t="1410" r="297" b="1429">o</charParams>
<charParams l="301" t="1410" r="314" b="1429">n</charParams>
<charParams l="317" t="1416" r="324" b="1420">-</charParams>
<charParams l="325" t="1406" r="334" b="1429">t</charParams>
<charParams l="337" t="1410" r="350" b="1429">a</charParams>
<charParams l="353" t="1410" r="366" b="1429">x</charParams>
<charParams l="370" t="1410" r="383" b="1429">a</charParams>
<charParams l="387" t="1402" r="401" b="1429">b</charParams>
<charParams l="404" t="1402" r="408" b="1429" suspicious="1">l</charParams>
<charParams l="411" t="1410" r="425" b="1429">e</charParams>
<charParams l="426" t="1403" r="436" b="1429"> </charParams>
<charParams l="437" t="1403" r="441" b="1429">i</charParams>
<charParams l="443" t="1406" r="452" b="1429">t</charParams>
<charParams l="454" t="1410" r="468" b="1429">e</charParams>
<charParams l="472" t="1410" r="494" b="1429">m</charParams></formatting></line></par>
</text></cell>
<cell leftBorder="White" rightBorder="White" bottomBorder="White" width="247" height="97">
<text>
<par lineSpacing="-1"></par>
</text></cell>
<cell leftBorder="White" rightBorder="White" bottomBorder="White" width="455" height="97">
<text>
<par lineSpacing="-1"></par>
</text></cell></row>
<row>
<cell leftBorder="White" topBorder="White" rightBorder="White" bottomBorder="White" width="1850" height="103">
<text>
<par align="Right" lineSpacing="780">
<line baseline="1564" l="1717" t="1538" r="1830" b="1564"><formatting lang="EnglishUnitedStates">
<charParams l="1717" t="1539" r="1733" b="1564">S</charParams>
<charParams l="1736" t="1546" r="1749" b="1564">u</charParams>
<charParams l="1753" t="1538" r="1767" b="1564">b</charParams>
<charParams l="1769" t="1542" r="1778" b="1564">t</charParams>
<charParams l="1781" t="1546" r="1795" b="1564">o</charParams>
<charParams l="1797" t="1542" r="1806" b="1564">t</charParams>
<charParams l="1809" t="1546" r="1822" b="1564">a</charParams>
<charParams l="1826" t="1538" r="1830" b="1564">l</charParams></formatting></line></par>
</text></cell>
<cell leftBorder="White" topBorder="White" rightBorder="White" bottomBorder="White" width="247" height="103">
<text>
<par lineSpacing="-1"></par>
</text></cell>
<cell leftBorder="White" topBorder="White" rightBorder="White" bottomBorder="White" width="455" height="103">
<text>
<par align="Right" rightIndent="2700" lineSpacing="780">
<line baseline="1565" l="2327" t="1536" r="2438" b="1568"><formatting lang="EnglishUnitedStates">
<charParams l="2327" t="1536" r="2341" b="1568">$</charParams>
<charParams l="2344" t="1540" r="2360" b="1565">7</charParams>
<charParams l="2362" t="1540" r="2377" b="1565">5</charParams>
<charParams l="2380" t="1540" r="2394" b="1565">0</charParams>
<charParams l="2397" t="1561" r="2402" b="1565">.</charParams>
<charParams l="2406" t="1540" r="2420" b="1565">0</charParams>
<charParams l="2424" t="1540" r="2438" b="1565">0</charParams></formatting></line></par>
</text></cell></row>
<row>
<cell leftBorder="White" topBorder="White" rightBorder="White" bottomBorder="White" width="1850" height="70">
<text>
<par align="Right" lineSpacing="780">
<line baseline="1634" l="1603" t="1608" r="1831" b="1635"><formatting lang="EnglishUnitedStates">
<charParams l="1603" t="1609" r="1606" b="1634">I</charParams>
<charParams l="1611" t="1616" r="1624" b="1634">n</charParams>
<charParams l="1628" t="1616" r="1641" b="1634">c</charParams>
<charParams l="1645" t="1608" r="1649" b="1634">l</charParams>
<charParams l="1653" t="1616" r="1666" b="1634">u</charParams>
<charParams l="1669" t="1608" r="1683" b="1634">d</charParams>
<charParams l="1686" t="1616" r="1700" b="1634">e</charParams>
<charParams l="1704" t="1616" r="1716" b="1634">s</charParams>
<charParams l="1717" t="1609" r="1726" b="1634"> </charParams>
<charParams l="1727" t="1609" r="1743" b="1634">T</charParams>
<charParams l="1746" t="1609" r="1764" b="1635">A</charParams>
<charParams l="1766" t="1609" r="1783" b="1635">X</charParams>
<charParams l="1784" t="1609" r="1794" b="1635"> </charParams>
<charParams l="1795" t="1609" r="1808" b="1634">0</charParams>
<charParams l="1812" t="1609" r="1831" b="1634">%</charParams></formatting></line></par>
</text></cell>
<cell leftBorder="White" topBorder="White" rightBorder="White" bottomBorder="White" width="247" height="70">
<text>
<par lineSpacing="-1"></par>
</text></cell>
<cell leftBorder="White" topBorder="White" rightBorder="White" bottomBorder="White" width="455" height="70">
<text>
<par align="Right" rightIndent="2700" lineSpacing="780">
<line baseline="1635" l="2362" t="1606" r="2438" b="1638"><formatting lang="EnglishUnitedStates">
<charParams l="2362" t="1606" r="2376" b="1638">$</charParams>
<charParams l="2380" t="1610" r="2394" b="1635">0</charParams>
<charParams l="2397" t="1631" r="2402" b="1635">.</charParams>
<charParams l="2407" t="1610" r="2421" b="1635">0</charParams>
<charParams l="2424" t="1610" r="2438" b="1635">0</charParams></formatting></line></par>
</text></cell></row>
<row>
<cell leftBorder="White" topBorder="White" rightBorder="White" bottomBorder="White" width="1850" height="70">
<text>
<par align="Right" lineSpacing="780">
<line baseline="1704" l="1763" t="1678" r="1830" b="1704"><formatting lang="EnglishUnitedStates">
<charParams l="1763" t="1679" r="1778" b="1704" suspicious="1">T</charParams>
<charParams l="1782" t="1686" r="1796" b="1704" suspicious="1">o</charParams>
<charParams l="1797" t="1681" r="1807" b="1704">t</charParams>
<charParams l="1809" t="1685" r="1823" b="1704">a</charParams>
<charParams l="1827" t="1678" r="1830" b="1703">l</charParams></formatting></line></par>
</text></cell>
<cell leftBorder="White" topBorder="White" rightBorder="White" bottomBorder="White" width="247" height="70">
<text>
<par lineSpacing="-1"></par>
</text></cell>
<cell leftBorder="White" topBorder="White" rightBorder="White" bottomBorder="White" width="455" height="70">
<text>
<par align="Right" rightIndent="2700" lineSpacing="780">
<line baseline="1705" l="2327" t="1675" r="2438" b="1708"><formatting lang="EnglishUnitedStates">
<charParams l="2327" t="1675" r="2341" b="1708">$</charParams>
<charParams l="2344" t="1679" r="2360" b="1705">7</charParams>
<charParams l="2363" t="1679" r="2377" b="1705">5</charParams>
<charParams l="2380" t="1679" r="2394" b="1705">0</charParams>
<charParams l="2398" t="1700" r="2402" b="1705">.</charParams>
<charParams l="2406" t="1679" r="2420" b="1705">0</charParams>
<charParams l="2424" t="1679" r="2438" b="1705">0</charParams></formatting></line></par>
</text></cell></row>
<row>
<cell leftBorder="White" topBorder="White" rightBorder="White" bottomBorder="White" width="1850" height="118">
<text>
<par align="Right" lineSpacing="780">
<line baseline="1774" l="1765" t="1748" r="1831" b="1774"><formatting lang="EnglishUnitedStates">
<charParams l="1765" t="1749" r="1782" b="1774">P</charParams>
<charParams l="1784" t="1749" r="1803" b="1774">A</charParams>
<charParams l="1806" t="1748" r="1810" b="1774">I</charParams>
<charParams l="1815" t="1748" r="1831" b="1774">D</charParams></formatting></line></par>
</text></cell>
<cell leftBorder="White" topBorder="White" rightBorder="White" bottomBorder="White" width="247" height="118">
<text>
<par lineSpacing="-1"></par>
</text></cell>
<cell leftBorder="White" topBorder="White" rightBorder="White" bottomBorder="White" width="455" height="118">
<text>
<par align="Right" rightIndent="2700" lineSpacing="780">
<line baseline="1775" l="2362" t="1745" r="2438" b="1778"><formatting lang="EnglishUnitedStates">
<charParams l="2362" t="1745" r="2376" b="1778">$</charParams>
<charParams l="2380" t="1749" r="2394" b="1775">0</charParams>
<charParams l="2398" t="1770" r="2402" b="1775">.</charParams>
<charParams l="2407" t="1749" r="2421" b="1775">0</charParams>
<charParams l="2424" t="1749" r="2438" b="1775">0</charParams></formatting></line></par>
</text></cell></row>
<row>
<cell leftBorder="White" topBorder="White" rightBorder="White" bottomBorder="White" width="1850" height="131">
<text>
<par leftIndent="2800" lineSpacing="-1"></par>
</text></cell>
<cell leftBorder="White" topBorder="White" rightBorder="White" bottomBorder="White" width="247" height="131">
<text>
<par lineSpacing="-1"></par>
</text></cell>
<cell leftBorder="White" topBorder="White" rightBorder="White" bottomBorder="White" width="455" height="131">
<text>
<par align="Right" rightIndent="2700" lineSpacing="1560">
<line baseline="1928" l="2228" t="1873" r="2436" b="1935"><formatting lang="EnglishUnitedStates">
<charParams l="2228" t="1873" r="2254" b="1935">$</charParams>
<charParams l="2260" t="1881" r="2288" b="1929">7</charParams>
<charParams l="2296" t="1881" r="2320" b="1929">5</charParams>
<charParams l="2328" t="1881" r="2352" b="1929">0</charParams>
<charParams l="2362" t="1921" r="2368" b="1929">.</charParams>
<charParams l="2378" t="1881" r="2404" b="1929">0</charParams>
<charParams l="2412" t="1881" r="2436" b="1929">0</charParams></formatting></line></par>
</text></cell></row>
<row>
<cell leftBorder="White" topBorder="White" rightBorder="White" bottomBorder="White" width="1850" height="201">
<text>
<par align="Justified" leftIndent="2800" lineSpacing="1000">
<line baseline="2149" l="117" t="2117" r="212" b="2149"><formatting lang="EnglishUnitedStates">
<charParams l="117" t="2117" r="138" b="2148">N</charParams>
<charParams l="141" t="2125" r="160" b="2148">o</charParams>
<charParams l="161" t="2119" r="172" b="2148">t</charParams>
<charParams l="175" t="2125" r="192" b="2149">e</charParams>
<charParams l="195" t="2125" r="212" b="2149">s</charParams></formatting></line></par>
</text></cell>
<cell leftBorder="White" topBorder="White" rightBorder="White" bottomBorder="White" width="247" height="201">
<text>
<par lineSpacing="-1"></par>
</text></cell>
<cell leftBorder="White" topBorder="White" rightBorder="White" bottomBorder="White" width="455" height="201">
<text>
<par lineSpacing="-1"></par>
</text></cell></row>
<row>
<cell colSpan="3" leftBorder="White" topBorder="White" rightBorder="White" bottomBorder="White" width="2552" height="577">
<text>
<par leftIndent="2800" rightIndent="3600" lineSpacing="1296">
<line baseline="2230" l="116" t="2201" r="2401" b="2238"><formatting lang="EnglishUnitedStates">
<charParams l="116" t="2201" r="133" b="2227">H</charParams>
<charParams l="136" t="2208" r="151" b="2227">e</charParams>
<charParams l="153" t="2201" r="158" b="2227">l</charParams>
<charParams l="161" t="2201" r="166" b="2227">l</charParams>
<charParams l="169" t="2209" r="184" b="2227">o</charParams>
<charParams l="185" t="2209" r="193" b="2234"> </charParams>
<charParams l="194" t="2209" r="208" b="2234">y</charParams>
<charParams l="210" t="2209" r="225" b="2228">o</charParams>
<charParams l="228" t="2209" r="242" b="2228">u</charParams>
<charParams l="243" t="2209" r="252" b="2228"> </charParams>
<charParams l="253" t="2210" r="267" b="2228">c</charParams>
<charParams l="269" t="2210" r="283" b="2228">a</charParams>
<charParams l="286" t="2210" r="300" b="2229">n</charParams>
<charParams l="301" t="2210" r="310" b="2229"> </charParams>
<charParams l="311" t="2210" r="334" b="2229">m</charParams>
<charParams l="338" t="2211" r="352" b="2229">a</charParams>
<charParams l="355" t="2203" r="370" b="2229">k</charParams>
<charParams l="370" t="2211" r="385" b="2229">e</charParams>
<charParams l="386" t="2207" r="393" b="2229"> </charParams>
<charParams l="394" t="2207" r="404" b="2229">t</charParams>
<charParams l="406" t="2203" r="420" b="2229">h</charParams>
<charParams l="422" t="2211" r="437" b="2229">e</charParams>
<charParams l="438" t="2211" r="447" b="2229"> </charParams>
<charParams l="448" t="2211" r="462" b="2229">c</charParams>
<charParams l="464" t="2203" r="478" b="2229">h</charParams>
<charParams l="480" t="2211" r="495" b="2229">e</charParams>
<charParams l="498" t="2211" r="512" b="2229">c</charParams>
<charParams l="514" t="2203" r="529" b="2229" suspicious="1">k</charParams>
<charParams l="538" t="2211" r="553" b="2229" suspicious="1">o</charParams>
<charParams l="556" t="2211" r="570" b="2229">u</charParams>
<charParams l="571" t="2207" r="581" b="2229">t</charParams>
<charParams l="582" t="2207" r="589" b="2230"> </charParams>
<charParams l="590" t="2207" r="600" b="2230">t</charParams>
<charParams l="602" t="2211" r="617" b="2230">o</charParams>
<charParams l="618" t="2204" r="627" b="2230"> </charParams>
<charParams l="628" t="2204" r="643" b="2230">2</charParams>
<charParams l="646" t="2204" r="655" b="2230" suspicious="1">1</charParams>
<charParams l="664" t="2204" r="678" b="2230" suspicious="1">5</charParams>
<charParams l="681" t="2204" r="696" b="2230">B</charParams>
<charParams l="701" t="2205" r="715" b="2230">E</charParams>
<charParams l="716" t="2205" r="735" b="2230">A</charParams>
<charParams l="739" t="2205" r="755" b="2230">R</charParams>
<charParams l="755" t="2205" r="772" b="2230">S</charParams>
<charParams l="773" t="2205" r="782" b="2230"> </charParams>
<charParams l="783" t="2226" r="788" b="2230">.</charParams>
<charParams l="789" t="2205" r="798" b="2230"> </charParams>
<charParams l="799" t="2205" r="815" b="2230">4</charParams>
<charParams l="818" t="2205" r="832" b="2230">6</charParams>
<charParams l="836" t="2205" r="845" b="2230" suspicious="1">1</charParams>
<charParams l="853" t="2205" r="867" b="2230" suspicious="1">3</charParams>
<charParams l="868" t="2205" r="877" b="2230"> </charParams>
<charParams l="878" t="2205" r="895" b="2230">C</charParams>
<charParams l="898" t="2212" r="913" b="2230">o</charParams>
<charParams l="916" t="2212" r="930" b="2230">n</charParams>
<charParams l="933" t="2212" r="946" b="2230">s</charParams>
<charParams l="949" t="2204" r="963" b="2230">h</charParams>
<charParams l="966" t="2212" r="981" b="2230">o</charParams>
<charParams l="984" t="2204" r="998" b="2230">h</charParams>
<charParams l="1001" t="2212" r="1016" b="2230">o</charParams>
<charParams l="1019" t="2212" r="1033" b="2230">c</charParams>
<charParams l="1035" t="2204" r="1049" b="2231">k</charParams>
<charParams l="1050" t="2212" r="1065" b="2231">e</charParams>
<charParams l="1068" t="2212" r="1082" b="2231">n</charParams>
<charParams l="1083" t="2205" r="1091" b="2231"> </charParams>
<charParams l="1092" t="2205" r="1111" b="2231">A</charParams>
<charParams l="1112" t="2212" r="1126" b="2230">v</charParams>
<charParams l="1127" t="2212" r="1142" b="2230">e</charParams>
<charParams l="1145" t="2212" r="1159" b="2230">n</charParams>
<charParams l="1162" t="2212" r="1176" b="2230">u</charParams>
<charParams l="1178" t="2212" r="1193" b="2230">e</charParams>
<charParams l="1194" t="2205" r="1203" b="2230"> </charParams>
<charParams l="1204" t="2205" r="1221" b="2230">P</charParams>
<charParams l="1223" t="2204" r="1237" b="2230">h</charParams>
<charParams l="1241" t="2205" r="1246" b="2230">i</charParams>
<charParams l="1249" t="2204" r="1254" b="2230">l</charParams>
<charParams l="1257" t="2212" r="1271" b="2230">a</charParams>
<charParams l="1273" t="2204" r="1288" b="2230">d</charParams>
<charParams l="1290" t="2212" r="1305" b="2230">e</charParams>
<charParams l="1308" t="2204" r="1313" b="2230">l</charParams>
<charParams l="1316" t="2212" r="1331" b="2237">p</charParams>
<charParams l="1333" t="2204" r="1347" b="2230">h</charParams>
<charParams l="1350" t="2205" r="1355" b="2230">i</charParams>
<charParams l="1359" t="2212" r="1373" b="2230">a</charParams>
<charParams l="1374" t="2205" r="1383" b="2230"> </charParams>
<charParams l="1384" t="2205" r="1401" b="2230">P</charParams>
<charParams l="1402" t="2205" r="1421" b="2230">A</charParams>
<charParams l="1422" t="2205" r="1432" b="2230"> </charParams>
<charParams l="1433" t="2205" r="1442" b="2230" suspicious="1">1</charParams>
<charParams l="1449" t="2205" r="1463" b="2230" suspicious="1">9</charParams>
<charParams l="1468" t="2205" r="1477" b="2230" suspicious="1">1</charParams>
<charParams l="1484" t="2205" r="1498" b="2230" suspicious="1">3</charParams>
<charParams l="1503" t="2205" r="1512" b="2231">1</charParams>
<charParams l="1513" t="2205" r="1527" b="2231"> </charParams>
<charParams l="1528" t="2226" r="1532" b="2231">.</charParams>
<charParams l="1533" t="2205" r="1545" b="2231"> </charParams>
<charParams l="1546" t="2205" r="1550" b="2231">I</charParams>
<charParams l="1552" t="2203" r="1563" b="2231">f</charParams>
<charParams l="1564" t="2203" r="1572" b="2231"> </charParams>
<charParams l="1573" t="2205" r="1578" b="2231">i</charParams>
<charParams l="1581" t="2212" r="1595" b="2231">n</charParams>
<charParams l="1597" t="2213" r="1611" b="2231">v</charParams>
<charParams l="1613" t="2213" r="1628" b="2231">o</charParams>
<charParams l="1631" t="2206" r="1636" b="2231">i</charParams>
<charParams l="1639" t="2213" r="1653" b="2231">c</charParams>
<charParams l="1654" t="2213" r="1669" b="2231">e</charParams>
<charParams l="1670" t="2206" r="1679" b="2231"> </charParams>
<charParams l="1680" t="2206" r="1685" b="2231">i</charParams>
<charParams l="1688" t="2213" r="1701" b="2231">s</charParams>
<charParams l="1702" t="2213" r="1711" b="2231"> </charParams>
<charParams l="1712" t="2213" r="1726" b="2231">n</charParams>
<charParams l="1729" t="2213" r="1744" b="2231">o</charParams>
<charParams l="1745" t="2209" r="1755" b="2231">t</charParams>
<charParams l="1756" t="2209" r="1765" b="2238"> </charParams>
<charParams l="1766" t="2213" r="1781" b="2238">p</charParams>
<charParams l="1783" t="2213" r="1797" b="2231">a</charParams>
<charParams l="1800" t="2206" r="1805" b="2231">i</charParams>
<charParams l="1807" t="2205" r="1822" b="2231">d</charParams>
<charParams l="1823" t="2205" r="1833" b="2231"> </charParams>
<charParams l="1834" t="2206" r="1848" b="2231">3</charParams>
<charParams l="1851" t="2205" r="1865" b="2231">0</charParams>
<charParams l="1866" t="2204" r="1875" b="2231"> </charParams>
<charParams l="1876" t="2204" r="1891" b="2231">d</charParams>
<charParams l="1895" t="2212" r="1909" b="2231">a</charParams>
<charParams l="1911" t="2212" r="1925" b="2238">y</charParams>
<charParams l="1926" t="2212" r="1939" b="2231">s</charParams>
<charParams l="1940" t="2212" r="1949" b="2231"> </charParams>
<charParams l="1950" t="2212" r="1964" b="2231">a</charParams>
<charParams l="1966" t="2203" r="1977" b="2231">f</charParams>
<charParams l="1977" t="2208" r="1987" b="2231">t</charParams>
<charParams l="1988" t="2212" r="2003" b="2231">e</charParams>
<charParams l="2006" t="2212" r="2015" b="2231">r</charParams>
<charParams l="2016" t="2212" r="2024" b="2231"> </charParams>
<charParams l="2025" t="2212" r="2038" b="2231">s</charParams>
<charParams l="2040" t="2212" r="2055" b="2231">e</charParams>
<charParams l="2057" t="2212" r="2066" b="2231">r</charParams>
<charParams l="2067" t="2212" r="2081" b="2231">v</charParams>
<charParams l="2083" t="2205" r="2088" b="2231">i</charParams>
<charParams l="2091" t="2213" r="2105" b="2231">c</charParams>
<charParams l="2107" t="2213" r="2122" b="2231">e</charParams>
<charParams l="2124" t="2213" r="2137" b="2231">s</charParams>
<charParams l="2138" t="2213" r="2147" b="2231"> </charParams>
<charParams l="2148" t="2213" r="2162" b="2231">a</charParams>
<charParams l="2165" t="2213" r="2174" b="2231">r</charParams>
<charParams l="2175" t="2213" r="2190" b="2231">e</charParams>
<charParams l="2191" t="2213" r="2200" b="2231"> </charParams>
<charParams l="2201" t="2213" r="2210" b="2231">r</charParams>
<charParams l="2211" t="2213" r="2226" b="2231">e</charParams>
<charParams l="2228" t="2213" r="2242" b="2231">n</charParams>
<charParams l="2244" t="2205" r="2259" b="2232">d</charParams>
<charParams l="2262" t="2213" r="2277" b="2232">e</charParams>
<charParams l="2279" t="2213" r="2288" b="2232">r</charParams>
<charParams l="2289" t="2213" r="2304" b="2232">e</charParams>
<charParams l="2306" t="2205" r="2321" b="2232">d</charParams>
<charParams l="2322" t="2205" r="2329" b="2232"> </charParams>
<charParams l="2330" t="2209" r="2340" b="2232">t</charParams>
<charParams l="2343" t="2205" r="2357" b="2232">h</charParams>
<charParams l="2359" t="2213" r="2374" b="2232">e</charParams>
<charParams l="2376" t="2213" r="2385" b="2232">r</charParams>
<charParams l="2386" t="2213" r="2401" b="2232">e</charParams></formatting></line>
<line baseline="2284" l="114" t="2253" r="1055" b="2292"><formatting lang="EnglishUnitedStates">
<charParams l="114" t="2263" r="136" b="2282">w</charParams>
<charParams l="138" t="2256" r="143" b="2282">i</charParams>
<charParams l="146" t="2255" r="151" b="2282">l</charParams>
<charParams l="154" t="2255" r="159" b="2282">l</charParams>
<charParams l="160" t="2255" r="169" b="2282"> </charParams>
<charParams l="170" t="2256" r="185" b="2282">b</charParams>
<charParams l="186" t="2264" r="201" b="2282">e</charParams>
<charParams l="202" t="2264" r="211" b="2283"> </charParams>
<charParams l="212" t="2264" r="226" b="2283">a</charParams>
<charParams l="227" t="2253" r="236" b="2286"> </charParams>
<charParams l="237" t="2253" r="251" b="2286">$</charParams>
<charParams l="255" t="2258" r="270" b="2283">2</charParams>
<charParams l="272" t="2258" r="287" b="2283">5</charParams>
<charParams l="288" t="2258" r="298" b="2284"> </charParams>
<charParams l="299" t="2258" r="313" b="2284">L</charParams>
<charParams l="315" t="2265" r="329" b="2284">a</charParams>
<charParams l="330" t="2261" r="340" b="2284">t</charParams>
<charParams l="341" t="2266" r="356" b="2284">e</charParams>
<charParams l="357" t="2257" r="365" b="2284"> </charParams>
<charParams l="366" t="2257" r="377" b="2284">f</charParams>
<charParams l="377" t="2266" r="392" b="2284">e</charParams>
<charParams l="393" t="2266" r="408" b="2284">e</charParams>
<charParams l="409" t="2266" r="418" b="2284"> </charParams>
<charParams l="419" t="2266" r="433" b="2284">a</charParams>
<charParams l="435" t="2258" r="450" b="2284">d</charParams>
<charParams l="453" t="2258" r="468" b="2284">d</charParams>
<charParams l="470" t="2266" r="485" b="2284">e</charParams>
<charParams l="487" t="2258" r="502" b="2284">d</charParams>
<charParams l="503" t="2258" r="511" b="2284"> </charParams>
<charParams l="512" t="2266" r="527" b="2284">e</charParams>
<charParams l="529" t="2266" r="543" b="2284">v</charParams>
<charParams l="544" t="2266" r="559" b="2284">e</charParams>
<charParams l="562" t="2266" r="571" b="2284">r</charParams>
<charParams l="571" t="2266" r="585" b="2291">y</charParams>
<charParams l="586" t="2258" r="593" b="2291"> </charParams>
<charParams l="594" t="2258" r="609" b="2285">d</charParams>
<charParams l="613" t="2266" r="627" b="2285">a</charParams>
<charParams l="629" t="2266" r="643" b="2292">y</charParams>
<charParams l="644" t="2266" r="652" b="2292"> </charParams>
<charParams l="653" t="2266" r="666" b="2285">s</charParams>
<charParams l="667" t="2262" r="677" b="2285">t</charParams>
<charParams l="679" t="2266" r="693" b="2285">a</charParams>
<charParams l="696" t="2266" r="705" b="2285">r</charParams>
<charParams l="705" t="2263" r="715" b="2285">t</charParams>
<charParams l="717" t="2260" r="722" b="2285">i</charParams>
<charParams l="726" t="2267" r="740" b="2285">n</charParams>
<charParams l="743" t="2267" r="757" b="2292">g</charParams>
<charParams l="758" t="2267" r="767" b="2292"> </charParams>
<charParams l="768" t="2267" r="783" b="2285">o</charParams>
<charParams l="786" t="2267" r="800" b="2285">n</charParams>
<charParams l="801" t="2263" r="808" b="2285"> </charParams>
<charParams l="809" t="2263" r="819" b="2285">t</charParams>
<charParams l="822" t="2259" r="836" b="2285">h</charParams>
<charParams l="838" t="2267" r="853" b="2285">e</charParams>
<charParams l="854" t="2260" r="862" b="2285"> </charParams>
<charParams l="863" t="2260" r="877" b="2285">3</charParams>
<charParams l="882" t="2260" r="891" b="2285" suspicious="1">1</charParams>
<charParams l="898" t="2267" r="911" b="2285" suspicious="1">s</charParams>
<charParams l="912" t="2263" r="922" b="2285">t</charParams>
<charParams l="923" t="2259" r="931" b="2285"> </charParams>
<charParams l="932" t="2259" r="947" b="2285">d</charParams>
<charParams l="951" t="2267" r="965" b="2285">a</charParams>
<charParams l="966" t="2267" r="980" b="2292">y</charParams>
<charParams l="981" t="2267" r="989" b="2292"> </charParams>
<charParams l="990" t="2267" r="1004" b="2285">a</charParams>
<charParams l="1006" t="2258" r="1018" b="2285">f</charParams>
<charParams l="1018" t="2263" r="1026" b="2285">t</charParams>
<charParams l="1028" t="2267" r="1043" b="2285">e</charParams>
<charParams l="1046" t="2267" r="1055" b="2286">r</charParams></formatting></line></par>
</text></cell></row>
<row>
<cell leftBorder="White" topBorder="White" rightBorder="White" width="1850" height="547">
<text>
<par leftIndent="29800" lineSpacing="1560">
<line baseline="3248" l="1241" t="3217" r="1310" b="3251"><formatting lang="EnglishUnitedStates">
<charParams l="1241" t="3217" r="1253" b="3248">1</charParams>
<charParams l="1270" t="3217" r="1284" b="3251">/</charParams>
<charParams l="1298" t="3217" r="1310" b="3248">1</charParams></formatting></line></par>
</text></cell>
<cell leftBorder="White" topBorder="White" rightBorder="White" width="247" height="547">
<text>
<par lineSpacing="-1"></par>
</text></cell>
<cell leftBorder="White" topBorder="White" rightBorder="White" width="455" height="547">
<text>
<par lineSpacing="-1"></par>
</text></cell></row>
</block>
<block blockType="SeparatorsBox" blockName="" l="917" t="81" r="1248" b="171"><region><rect l="917" t="81" r="1248" b="87"/><rect l="917" t="87" r="1248" b="165"/><rect l="917" t="165" r="1248" b="171"/></region>
<separatorsBox>
<separator type="Black" thickness="5"><start x="917" y="84"/><end x="1248" y="84"/>
</separator>
<separator type="Black" thickness="5"><start x="917" y="168"/><end x="1248" y="168"/>
</separator>
<separator type="Black" thickness="4"><start x="919" y="81"/><end x="919" y="169"/>
</separator>
<separator type="Black" thickness="4"><start x="1246" y="82"/><end x="1246" y="171"/>
</separator>
</separatorsBox>
</block>
<block blockType="SeparatorsBox" blockName="" l="935" t="220" r="1263" b="307"><region><rect l="935" t="220" r="1263" b="226"/><rect l="935" t="226" r="1263" b="301"/><rect l="935" t="301" r="1263" b="307"/></region>
<separatorsBox>
<separator type="Black" thickness="5"><start x="935" y="223"/><end x="1263" y="223"/>
</separator>
<separator type="Black" thickness="5"><start x="935" y="304"/><end x="1263" y="304"/>
</separator>
<separator type="Black" thickness="4"><start x="937" y="220"/><end x="937" y="306"/>
</separator>
<separator type="Black" thickness="4"><start x="1261" y="221"/><end x="1261" y="307"/>
</separator>
</separatorsBox>
</block>
<block blockType="SeparatorsBox" blockName="" l="1159" t="396" r="1233" b="472"><region><rect l="1159" t="396" r="1232" b="397"/><rect l="1159" t="397" r="1233" b="399"/><rect l="1159" t="399" r="1233" b="469"/><rect l="1159" t="469" r="1233" b="471"/><rect l="1159" t="471" r="1232" b="472"/></region>
<separatorsBox>
<separator type="Black" thickness="3"><start x="1159" y="397"/><end x="1232" y="397"/>
</separator>
<separator type="Black" thickness="3"><start x="1159" y="470"/><end x="1232" y="470"/>
</separator>
<separator type="Black" thickness="2"><start x="1160" y="397"/><end x="1160" y="471"/>
</separator>
<separator type="Black" thickness="2"><start x="1232" y="397"/><end x="1232" y="471"/>
</separator>
</separatorsBox>
</block>
<block blockType="Separator" blockName="" l="2" t="716" r="2550" b="726"><region><rect l="2" t="716" r="846" b="717"/><rect l="2" t="717" r="2550" b="718"/><rect l="2" t="718" r="2550" b="725"/><rect l="1455" t="725" r="1573" b="726"/></region>
<separator type="Black" thickness="8"><start x="2" y="721"/><end x="2550" y="721"/>
</separator>
</block>
<block blockType="Separator" blockName="" l="2" t="1382" r="2550" b="1391"><region><rect l="2" t="1382" r="174" b="1383"/><rect l="2" t="1383" r="656" b="1384"/><rect l="2" t="1384" r="2550" b="1386"/><rect l="2" t="1386" r="2550" b="1388"/><rect l="2" t="1388" r="2550" b="1389"/><rect l="174" t="1389" r="2550" b="1390"/><rect l="786" t="1390" r="2550" b="1391"/></region>
<separator type="Black" thickness="5"><start x="2" y="1386"/><end x="2550" y="1386"/>
</separator>
</block>
<block blockType="Separator" blockName="" l="0" t="3299" r="2552" b="3300"><region><rect l="0" t="3299" r="2552" b="3300"/></region>
<separator type="Black" thickness="1"><start x="0" y="3299"/><end x="2552" y="3299"/>
</separator>
</block>
<block blockType="Picture" blockName="" l="6" t="1063" r="2546" b="1165"><region><rect l="6" t="1063" r="2546" b="1165"/></region>
</block>
<block blockType="Picture" blockName="" l="1280" t="1846" r="2547" b="1974"><region><rect l="1280" t="1846" r="2547" b="1974"/></region>
</block>
<block blockType="Picture" blockName="" l="1159" t="396" r="1233" b="472"><region><rect l="1159" t="396" r="1233" b="472"/></region>
</block>
<block blockType="Picture" blockName="" l="168" t="70" r="853" b="547"><region><rect l="168" t="70" r="853" b="547"/></region>
</block>
</page>
</document>